{"cameraMode":{"drawMode":0,"name":"Shaded","section":"Shading Mode"},"sceneLighting":true,"audioPlay":false,"sceneViewState":{"m_AlwaysRefresh":false,"showFog":true,"showSkybox":true,"showFlares":true,"showImageEffects":true,"showParticleSystems":true,"showVisualEffectGraphs":true,"m_FxEnabled":true},"in2DMode":false,"pivot":{"x":-0.9381803274154663,"y":-0.14406292140483857,"z":6.816006660461426},"rotation":{"x":-0.10638188570737839,"y":0.3365883231163025,"z":-0.038306355476379397,"w":-0.9348475933074951},"size":6.053142547607422,"orthographic":false}